zip,parent,lat,lon,population,parent_lat,parent_lon
02020,02050,42.09411,-70.65026,0,,
02877,02874,41.53684,-71.52674,0,,
03756,03766,43.65887,-72.22976,0,,
04013,04032,43.8233,-70.08865,0,,
04751,04750,46.90692,-67.86301,0,,
05671,05676,44.36596,-72.75316,0,,
08214,08270,39.22066,-74.85228,0,,
08556,08559,40.43976,-74.95633,0,,
10281,10280,40.71424,-74.01623,0,,
11251,11205,40.7015,-73.9716,0,,
11252,11209,40.60676,-74.03012,0,,
11437,11413,40.66121,-73.76521,0,40.67196,-73.75092
13426,13144,43.58229,-75.95369,0,,
15032,15084,40.64897,-79.8717,0,,
15231,15108,40.47879,-80.27629,0,,
15261,15213,40.44409,-79.96533,0,,
15548,15563,40.11603,-78.95541,0,,
15553,15530,39.83191,-78.85472,0,,
15685,15666,40.17115,-79.45084,0,,
15758,15767,40.86528,-78.95123,0,,
15959,15905,40.2305,-78.94788,0,,
16225,16258,41.24024,-79.26405,0,41.21987,-79.28397
16234,16214,41.10884,-79.29903,0,,
16565,16509,42.06869,-80.10764,0,,
16660,16652,40.40059,-78.10381,0,,
16663,16651,40.79185,-78.38111,0,,
16850,16836,41.15346,-78.25044,0,,
17735,17724,41.64778,-76.82566,0,,
17877,17801,40.86149,-76.79402,0,,
18084,18054,40.339,-75.44906,0,,
18352,18360,40.9911,-75.32312,0,,
18427,18436,41.38925,-75.34059,0,,
18934,18902,40.36114,-75.06503,0,,
20041,20151,38.93243,-77.43975,0,,
20192,20191,38.9456,-77.37099,0,,
20374,20003,38.87424,-77.00053,0,,
21522,21536,39.65307,-79.19965,0,,
22067,22102,39.00567,-77.27025,0,,
22649,22645,38.99368,-78.1852,0,,
23125,23138,37.40869,-76.39097,0,,
23186,23185,37.2785,-76.73314,0,,
23404,23418,37.5703,-75.71252,0,,
23463,23464,36.79027,-76.19454,0,,
23529,23508,36.88216,-76.30678,0,,
24627,24656,37.11676,-82.09073,0,,
24829,24831,37.42083,-81.50639,0,,
25079,25045,38.45745,-81.38124,0,,
26675,26651,38.30487,-80.93344,0,,
27413,27412,36.06904,-79.80638,0,,
27710,27705,36.00142,-78.94057,0,,
28608,28607,36.2113,-81.6856,0,,
28633,28645,35.91662,-81.54134,0,,
29688,29690,35.11561,-82.33389,0,,
29808,29812,33.21754,-81.60642,0,,
30069,30060,33.91471,-84.51416,0,,
30320,30337,33.64191,-84.42737,0,,
30438,30453,32.11755,-82.05955,0,,
31304,31331,31.49024,-81.42151,0,31.53773,-81.37849
32611,32612,29.64312,-82.35385,0,,
32815,32780,28.60829,-80.69823,0,,
33199,33174,25.75414,-80.37521,0,,
33394,33301,26.11722,-80.14198,0,,
33846,33812,27.97928,-81.87675,0,,
34478,34471,29.18187,-82.13529,0,,
34988,34987,27.3261,-80.39518,0,,
35898,35808,34.63293,-86.65584,0,,
36349,36375,31.08607,-85.52803,0,31.10253,-85.54988
37240,37212,36.14561,-86.80501,0,,
37243,37203,36.16324,-86.77885,0,,
37778,37813,36.17794,-83.224,0,,
37996,37916,35.95256,-83.93114,0,,
37998,37920,35.93645,-83.76184,0,,
38238,38237,36.3418,-88.86447,0,,
38780,38701,33.18766,-91.02021,0,,
39710,39705,33.63671,-88.45016,0,,
40292,40208,38.21819,-85.75736,0,,
40506,40508,38.03345,-84.50302,0,,
40930,40939,36.77254,-83.74455,0,,
41099,41076,39.04211,-84.47604,0,,
41160,41159,38.02806,-82.90167,0,,
41736,41701,37.3817,-83.20007,0,,
41743,41701,37.37445,-83.05393,0,,
43757,43747,39.82153,-81.12864,0,,
45275,41048,39.0438,-84.66732,0,,
45675,45638,38.49274,-82.58845,0,,
46977,46923,40.58479,-86.54513,0,,
47556,47532,38.16633,-86.94693,0,,
47647,47613,38.28051,-87.37989,0,,
47722,47714,37.97743,-87.53058,0,,
49035,49046,42.51721,-85.36293,0,,
49792,49765,45.39725,-84.38628,0,,
49819,49818,46.16693,-87.44226,0,,
50011,50012,42.0173,-93.6431,0,,
50059,50129,42.04173,-94.3252,0,,
50259,50258,42.29014,-93.18191,0,,
50481,50472,43.35443,-92.91772,0,,
50614,50613,42.51586,-92.46407,0,,
54641,54666,44.13036,-90.15892,0,,
54765,54757,45.12923,-91.8774,0,,
55144,55119,44.96194,-93.05268,0,,
56047,56039,43.60137,-94.13786,0,,
56577,56521,47.0503,-95.6579,0,,
56740,56755,48.78428,-96.97746,0,,
56741,56711,48.97393,-95.02934,0,,
59341,59326,46.81238,-105.50399,0,,
59402,59405,47.50372,-111.17473,0,,
59641,59643,46.32985,-111.49787,0,,
59717,59715,45.66537,-111.0533,0,,
60037,60035,42.20696,-87.80067,0,,
60179,60192,42.11517,-88.20219,0,,
60666,60018,41.97953,-87.90242,0,42.00987,-87.89791
61635,61611,40.72482,-89.48672,0,,
61790,61761,40.5286,-89.01225,0,,
62065,62053,39.30069,-90.70639,0,,
62070,62053,39.30445,-90.71087,0,,
62071,62201,38.63451,-90.15887,0,,
62909,62995,37.49636,-88.97387,0,,
63145,63134,38.69533,-90.35312,0,,
63737,63748,37.65011,-89.70106,0,,
63931,63935,36.57665,-90.80837,0,,
65042,65074,38.54164,-92.60873,0,,
65211,65203,38.93439,-92.33836,0,,
66113,66111,39.07817,-94.81882,0,,
66728,66739,37.0985,-94.6955,0,,
68198,68131,41.25378,-95.98239,0,,
68583,68503,40.82593,-96.66323,0,,
68969,68949,40.17877,-99.40342,0,,
70504,70506,30.20913,-92.02067,0,,
70792,70743,30.07606,-90.80842,0,,
71828,71858,33.68514,-93.26772,0,,
72149,72143,35.24325,-91.72233,0,,
72310,72315,35.87379,-89.86904,0,,
72321,72358,35.87379,-89.86904,0,,
72465,72476,35.96178,-91.02362,0,,
72820,72821,35.47524,-93.7522,0,,
74172,74103,36.15239,-95.99066,0,,
75798,75701,32.33944,-95.28016,0,,
75799,75701,32.29897,-95.23757,0,,
76019,76013,32.72929,-97.11938,0,,
76122,76115,32.67827,-97.35154,0,,
76526,76528,31.48249,-97.6332,0,,
76883,76849,30.47947,-99.7464,0,,
76949,76945,31.87711,-100.63523,0,,
77399,77351,30.57032,-94.87516,0,,
77967,78629,29.2241,-97.20972,0,,
78206,78205,29.42591,-98.49032,0,,
79409,79406,33.58677,-101.88145,0,,
79697,79605,32.42419,-99.75082,0,,
79698,79601,32.48101,-99.72943,0,,
79968,79902,31.77612,-106.49968,0,,
80225,80226,39.71738,-105.12028,0,,
80265,80202,39.74748,-104.99091,0,,
80309,80310,40.00768,-105.30218,0,,
80523,80521,40.57272,-105.08639,0,,
80614,80241,39.92497,-104.9534,0,,
80639,80631,40.40427,-104.69141,0,,
80912,80930,38.76781,-104.52219,0,,
81102,81101,37.49841,-105.91578,0,,
81231,81230,38.543,-106.91859,0,,
82071,82072,41.31438,-105.56919,0,,
82715,82701,43.84621,-104.57002,0,,
83256,83221,43.24975,-112.36064,0,,
83853,83805,48.88903,-116.21685,0,,
84143,84103,40.78046,-111.874,0,,
84201,84404,41.26379,-112.00074,0,,
84510,84534,37.1948,-109.33898,0,,
85287,85281,33.42614,-111.92446,0,,
87009,88318,34.48987,-105.76221,0,,
87115,87117,35.00449,-106.53612,0,,
87131,87106,35.09025,-106.61962,0,,
87174,87124,35.24684,-106.6772,0,,
88032,88007,32.3885,-106.81856,0,,
88123,88132,33.88732,-103.32659,0,,
88133,88101,34.48597,-103.53073,0,,
88213,88267,33.1264,-103.40389,0,,
89033,89084,36.2419,-115.15744,0,,
89154,89119,36.10806,-115.14469,0,,
89165,89115,36.59133,-115.14552,0,,
91123,91105,34.13813,-118.15718,0,,
91521,91505,34.16176,-118.32009,0,,
91522,91505,34.15353,-118.33436,0,,
91523,91505,34.15353,-118.33436,0,,
92152,92106,32.69577,-117.24343,0,,
92318,92354,34.04447,-117.23311,0,,
92878,92880,33.89092,-117.5927,0,,
93421,93420,35.12887,-120.57058,0,,
93435,93430,35.55506,-121.002,0,,
94035,94043,37.41628,-122.05047,0,,
94143,94131,37.76344,-122.45742,0,,
95141,95037,37.10673,-121.71687,0,,
95192,95112,37.33518,-121.8841,0,,
95724,95728,39.41733,-120.58855,0,,
95836,95659,38.85482,-121.53336,0,,
96089,96019,40.66948,-122.41844,0,,
96162,95728,39.32743,-120.26685,0,,
96718,96777,19.29119,-155.50681,0,,
96861,96701,21.39288,-157.87973,0,21.39009,-157.92595
97010,97014,45.5281,-122.08527,0,,
97044,97031,45.61494,-121.52119,0,,
97312,97301,44.94212,-123.03502,0,,
97475,97477,44.07705,-123.0393,0,,
97533,97527,42.25897,-123.3059,0,,
99164,99163,46.72571,-117.15376,0,,
