zip,num_teams,team_abbrs,team_names,team_ids,status
00601,0,,,,http 404
00602,0,,,,http 404
00603,0,,,,http 404
00606,0,,,,http 404
00610,0,,,,http 404
00611,0,,,,http 404
00612,0,,,,http 404
00616,0,,,,http 404
00617,0,,,,http 404
00622,0,,,,http 404
00623,0,,,,http 404
00624,0,,,,http 404
00627,0,,,,http 404
00631,0,,,,http 404
00636,0,,,,http 404
00637,0,,,,http 404
00638,0,,,,http 404
00641,0,,,,http 404
00646,0,,,,http 404
00647,0,,,,http 404
00650,0,,,,http 404
00652,0,,,,http 404
00653,0,,,,http 404
00656,0,,,,http 404
00659,0,,,,http 404
00660,0,,,,http 404
00662,0,,,,http 404
00664,0,,,,http 404
00667,0,,,,http 404
00669,0,,,,http 404
00670,0,,,,http 404
00674,0,,,,http 404
00676,0,,,,http 404
00677,0,,,,http 404
00678,0,,,,http 404
00680,0,,,,http 404
00682,0,,,,http 404
00683,0,,,,http 404
00685,0,,,,http 404
00687,0,,,,http 404
00688,0,,,,http 404
00690,0,,,,http 404
00692,0,,,,http 404
00693,0,,,,http 404
00694,0,,,,http 404
00698,0,,,,http 404
00703,0,,,,http 404
00704,0,,,,http 404
00705,0,,,,http 404
00707,0,,,,http 404
00714,0,,,,http 404
00715,0,,,,http 404
00716,0,,,,http 404
00717,0,,,,http 404
00718,0,,,,http 404
00719,0,,,,http 404
00720,0,,,,http 404
00723,0,,,,http 404
00725,0,,,,http 404
00727,0,,,,http 404
00728,0,,,,http 404
00729,0,,,,http 404
00730,0,,,,http 404
00731,0,,,,http 404
00735,0,,,,http 404
00736,0,,,,http 404
00738,0,,,,http 404
00739,0,,,,http 404
00740,0,,,,http 404
00741,0,,,,http 404
00745,0,,,,http 404
00751,0,,,,http 404
00754,0,,,,http 404
00757,0,,,,http 404
00765,0,,,,http 404
00766,0,,,,http 404
00767,0,,,,http 404
00769,0,,,,http 404
00771,0,,,,http 404
00772,0,,,,http 404
00773,0,,,,http 404
00775,0,,,,http 404
00777,0,,,,http 404
00778,0,,,,http 404
00780,0,,,,http 404
00782,0,,,,http 404
00783,0,,,,http 404
00784,0,,,,http 404
00786,0,,,,http 404
00791,0,,,,http 404
00794,0,,,,http 404
00795,0,,,,http 404
00802,0,,,,http 404
00820,0,,,,http 404
00830,0,,,,http 404
00840,0,,,,http 404
00850,0,,,,http 404
00851,0,,,,http 404
00901,0,,,,http 404
00906,0,,,,http 404
00907,0,,,,http 404
00909,0,,,,http 404
00911,0,,,,http 404
00912,0,,,,http 404
00913,0,,,,http 404
00915,0,,,,http 404
00917,0,,,,http 404
00918,0,,,,http 404
00920,0,,,,http 404
00921,0,,,,http 404
00923,0,,,,http 404
00924,0,,,,http 404
00925,0,,,,http 404
00926,0,,,,http 404
00927,0,,,,http 404
00934,0,,,,http 404
00949,0,,,,http 404
00950,0,,,,http 404
00951,0,,,,http 404
00952,0,,,,http 404
00953,0,,,,http 404
00956,0,,,,http 404
00957,0,,,,http 404
00959,0,,,,http 404
00960,0,,,,http 404
00961,0,,,,http 404
00962,0,,,,http 404
00965,0,,,,http 404
00966,0,,,,http 404
00968,0,,,,http 404
00969,0,,,,http 404
00971,0,,,,http 404
00976,0,,,,http 404
00979,0,,,,http 404
00982,0,,,,http 404
00983,0,,,,http 404
00985,0,,,,http 404
00987,0,,,,http 404
01001,1,BOS,Boston Celtics,1610612738,ok
01002,1,BOS,Boston Celtics,1610612738,ok
01003,1,BOS,Boston Celtics,1610612738,ok
01005,1,BOS,Boston Celtics,1610612738,ok
01007,1,BOS,Boston Celtics,1610612738,ok
01008,1,BOS,Boston Celtics,1610612738,ok
01009,0,,,,ok
01010,1,BOS,Boston Celtics,1610612738,ok
01011,1,BOS,Boston Celtics,1610612738,ok
01012,1,BOS,Boston Celtics,1610612738,ok
01013,1,BOS,Boston Celtics,1610612738,ok
01020,1,BOS,Boston Celtics,1610612738,ok
01022,1,BOS,Boston Celtics,1610612738,ok
01026,1,BOS,Boston Celtics,1610612738,ok
01027,0,,,,ok
01028,1,BOS,Boston Celtics,1610612738,ok
01029,1,BOS,Boston Celtics,1610612738,ok
01030,0,,,,ok
01031,1,BOS,Boston Celtics,1610612738,ok
01032,1,BOS,Boston Celtics,1610612738,ok
01033,1,BOS,Boston Celtics,1610612738,ok
01034,1,BOS,Boston Celtics,1610612738,ok
01035,1,BOS,Boston Celtics,1610612738,ok
01036,1,BOS,Boston Celtics,1610612738,ok
01037,0,,,,ok
01038,1,BOS,Boston Celtics,1610612738,ok
01039,1,BOS,Boston Celtics,1610612738,ok
01040,1,BOS,Boston Celtics,1610612738,ok
01050,1,BOS,Boston Celtics,1610612738,ok
01053,1,BOS,Boston Celtics,1610612738,ok
01054,1,BOS,Boston Celtics,1610612738,ok
01056,1,BOS,Boston Celtics,1610612738,ok
01057,1,BOS,Boston Celtics,1610612738,ok
01060,1,BOS,Boston Celtics,1610612738,ok
01062,0,,,,ok
01063,1,BOS,Boston Celtics,1610612738,ok
01066,0,,,,ok
01068,1,BOS,Boston Celtics,1610612738,ok
01069,1,BOS,Boston Celtics,1610612738,ok
01070,1,BOS,Boston Celtics,1610612738,ok
01071,1,BOS,Boston Celtics,1610612738,ok
01072,1,BOS,Boston Celtics,1610612738,ok
01073,1,BOS,Boston Celtics,1610612738,ok
01074,0,,,,ok
01075,1,BOS,Boston Celtics,1610612738,ok
01077,1,BOS,Boston Celtics,1610612738,ok
01079,0,,,,ok
01080,1,BOS,Boston Celtics,1610612738,ok
01081,1,BOS,Boston Celtics,1610612738,ok
01082,1,BOS,Boston Celtics,1610612738,ok
01083,0,,,,ok
01084,1,BOS,Boston Celtics,1610612738,ok
01085,1,BOS,Boston Celtics,1610612738,ok
01088,1,BOS,Boston Celtics,1610612738,ok
01089,1,BOS,Boston Celtics,1610612738,ok
01092,1,BOS,Boston Celtics,1610612738,ok
01093,0,,,,ok
01094,0,,,,ok
01095,1,BOS,Boston Celtics,1610612738,ok
01096,1,BOS,Boston Celtics,1610612738,ok
01097,1,BOS,Boston Celtics,1610612738,ok
01098,1,BOS,Boston Celtics,1610612738,ok
01103,1,BOS,Boston Celtics,1610612738,ok
01104,1,BOS,Boston Celtics,1610612738,ok
01105,1,BOS,Boston Celtics,1610612738,ok
01106,1,BOS,Boston Celtics,1610612738,ok
01107,1,BOS,Boston Celtics,1610612738,ok
01108,1,BOS,Boston Celtics,1610612738,ok
01109,1,BOS,Boston Celtics,1610612738,ok
01118,1,BOS,Boston Celtics,1610612738,ok
01119,1,BOS,Boston Celtics,1610612738,ok
01128,1,BOS,Boston Celtics,1610612738,ok
01129,1,BOS,Boston Celtics,1610612738,ok
01144,1,BOS,Boston Celtics,1610612738,ok
01151,1,BOS,Boston Celtics,1610612738,ok
01201,1,BOS,Boston Celtics,1610612738,ok
01220,1,BOS,Boston Celtics,1610612738,ok
01222,1,BOS,Boston Celtics,1610612738,ok
01223,1,BOS,Boston Celtics,1610612738,ok
01224,1,BOS,Boston Celtics,1610612738,ok
01225,1,BOS,Boston Celtics,1610612738,ok
01226,1,BOS,Boston Celtics,1610612738,ok
01229,1,BOS,Boston Celtics,1610612738,ok
01230,1,BOS,Boston Celtics,1610612738,ok
01235,1,BOS,Boston Celtics,1610612738,ok
01236,1,BOS,Boston Celtics,1610612738,ok
01237,1,BOS,Boston Celtics,1610612738,ok
01238,1,BOS,Boston Celtics,1610612738,ok
01240,1,BOS,Boston Celtics,1610612738,ok
01242,1,BOS,Boston Celtics,1610612738,ok
01243,1,BOS,Boston Celtics,1610612738,ok
01244,1,BOS,Boston Celtics,1610612738,ok
01245,1,BOS,Boston Celtics,1610612738,ok
01247,1,BOS,Boston Celtics,1610612738,ok
01253,1,BOS,Boston Celtics,1610612738,ok
01254,1,BOS,Boston Celtics,1610612738,ok
01255,1,BOS,Boston Celtics,1610612738,ok
01256,1,BOS,Boston Celtics,1610612738,ok
01257,1,BOS,Boston Celtics,1610612738,ok
01258,1,BOS,Boston Celtics,1610612738,ok
01259,1,BOS,Boston Celtics,1610612738,ok
01260,1,BOS,Boston Celtics,1610612738,ok
01262,1,BOS,Boston Celtics,1610612738,ok
01264,1,BOS,Boston Celtics,1610612738,ok
01266,1,BOS,Boston Celtics,1610612738,ok
01267,1,BOS,Boston Celtics,1610612738,ok
01270,1,BOS,Boston Celtics,1610612738,ok
01301,0,,,,ok
01330,1,BOS,Boston Celtics,1610612738,ok
01331,1,BOS,Boston Celtics,1610612738,ok
01337,0,,,,ok
01338,1,BOS,Boston Celtics,1610612738,ok
01339,1,BOS,Boston Celtics,1610612738,ok
01340,1,BOS,Boston Celtics,1610612738,ok
01341,0,,,,ok
01342,1,BOS,Boston Celtics,1610612738,ok
01343,1,BOS,Boston Celtics,1610612738,ok
01344,1,BOS,Boston Celtics,1610612738,ok
01346,1,BOS,Boston Celtics,1610612738,ok
01347,0,,,,ok
01349,1,BOS,Boston Celtics,1610612738,ok
01350,1,BOS,Boston Celtics,1610612738,ok
01351,1,BOS,Boston Celtics,1610612738,ok
01354,1,BOS,Boston Celtics,1610612738,ok
01355,1,BOS,Boston Celtics,1610612738,ok
01360,1,BOS,Boston Celtics,1610612738,ok
01364,1,BOS,Boston Celtics,1610612738,ok
01366,1,BOS,Boston Celtics,1610612738,ok
01367,1,BOS,Boston Celtics,1610612738,ok
01368,1,BOS,Boston Celtics,1610612738,ok
01370,1,BOS,Boston Celtics,1610612738,ok
01373,1,BOS,Boston Celtics,1610612738,ok
01375,1,BOS,Boston Celtics,1610612738,ok
01376,1,BOS,Boston Celtics,1610612738,ok
01378,1,BOS,Boston Celtics,1610612738,ok
01379,1,BOS,Boston Celtics,1610612738,ok
01380,0,,,,ok
01420,1,BOS,Boston Celtics,1610612738,ok
01430,1,BOS,Boston Celtics,1610612738,ok
01431,1,BOS,Boston Celtics,1610612738,ok
01432,1,BOS,Boston Celtics,1610612738,ok
01434,0,,,,ok
01436,1,BOS,Boston Celtics,1610612738,ok
01438,0,,,,ok
01440,1,BOS,Boston Celtics,1610612738,ok
01450,1,BOS,Boston Celtics,1610612738,ok
01451,1,BOS,Boston Celtics,1610612738,ok
01452,1,BOS,Boston Celtics,1610612738,ok
01453,1,BOS,Boston Celtics,1610612738,ok
01460,1,BOS,Boston Celtics,1610612738,ok
01462,1,BOS,Boston Celtics,1610612738,ok
01463,1,BOS,Boston Celtics,1610612738,ok
01464,1,BOS,Boston Celtics,1610612738,ok
01468,1,BOS,Boston Celtics,1610612738,ok
01469,1,BOS,Boston Celtics,1610612738,ok
01473,1,BOS,Boston Celtics,1610612738,ok
01474,1,BOS,Boston Celtics,1610612738,ok
01475,1,BOS,Boston Celtics,1610612738,ok
01501,1,BOS,Boston Celtics,1610612738,ok
01503,1,BOS,Boston Celtics,1610612738,ok
01504,1,BOS,Boston Celtics,1610612738,ok
01505,1,BOS,Boston Celtics,1610612738,ok
01506,1,BOS,Boston Celtics,1610612738,ok
01507,1,BOS,Boston Celtics,1610612738,ok
01510,1,BOS,Boston Celtics,1610612738,ok
01515,1,BOS,Boston Celtics,1610612738,ok
01516,1,BOS,Boston Celtics,1610612738,ok
01518,1,BOS,Boston Celtics,1610612738,ok
01519,1,BOS,Boston Celtics,1610612738,ok
01520,1,BOS,Boston Celtics,1610612738,ok
01521,1,BOS,Boston Celtics,1610612738,ok
01522,1,BOS,Boston Celtics,1610612738,ok
01523,1,BOS,Boston Celtics,1610612738,ok
01524,1,BOS,Boston Celtics,1610612738,ok
01525,0,,,,ok
01527,1,BOS,Boston Celtics,1610612738,ok
01529,1,BOS,Boston Celtics,1610612738,ok
01531,1,BOS,Boston Celtics,1610612738,ok
01532,1,BOS,Boston Celtics,1610612738,ok
01534,1,BOS,Boston Celtics,1610612738,ok
01535,1,BOS,Boston Celtics,1610612738,ok
01536,1,BOS,Boston Celtics,1610612738,ok
01537,1,BOS,Boston Celtics,1610612738,ok
01540,1,BOS,Boston Celtics,1610612738,ok
01541,1,BOS,Boston Celtics,1610612738,ok
01542,1,BOS,Boston Celtics,1610612738,ok
01543,1,BOS,Boston Celtics,1610612738,ok
01545,1,BOS,Boston Celtics,1610612738,ok
01550,1,BOS,Boston Celtics,1610612738,ok
01560,1,BOS,Boston Celtics,1610612738,ok
01561,0,,,,ok
01562,1,BOS,Boston Celtics,1610612738,ok
01564,1,BOS,Boston Celtics,1610612738,ok
01566,1,BOS,Boston Celtics,1610612738,ok
01568,1,BOS,Boston Celtics,1610612738,ok
01569,1,BOS,Boston Celtics,1610612738,ok
01570,1,BOS,Boston Celtics,1610612738,ok
01571,1,BOS,Boston Celtics,1610612738,ok
01581,1,BOS,Boston Celtics,1610612738,ok
01583,1,BOS,Boston Celtics,1610612738,ok
01585,1,BOS,Boston Celtics,1610612738,ok
01588,1,BOS,Boston Celtics,1610612738,ok
01590,1,BOS,Boston Celtics,1610612738,ok
01602,1,BOS,Boston Celtics,1610612738,ok
01603,1,BOS,Boston Celtics,1610612738,ok
01604,1,BOS,Boston Celtics,1610612738,ok
01605,1,BOS,Boston Celtics,1610612738,ok
01606,1,BOS,Boston Celtics,1610612738,ok
01607,1,BOS,Boston Celtics,1610612738,ok
01608,1,BOS,Boston Celtics,1610612738,ok
01609,1,BOS,Boston Celtics,1610612738,ok
01610,1,BOS,Boston Celtics,1610612738,ok
01611,1,BOS,Boston Celtics,1610612738,ok
01612,1,BOS,Boston Celtics,1610612738,ok
01701,1,BOS,Boston Celtics,1610612738,ok
01702,1,BOS,Boston Celtics,1610612738,ok
01718,1,BOS,Boston Celtics,1610612738,ok
01719,1,BOS,Boston Celtics,1610612738,ok
01720,1,BOS,Boston Celtics,1610612738,ok
01721,1,BOS,Boston Celtics,1610612738,ok
01730,1,BOS,Boston Celtics,1610612738,ok
01731,1,BOS,Boston Celtics,1610612738,ok
01740,1,BOS,Boston Celtics,1610612738,ok
01741,1,BOS,Boston Celtics,1610612738,ok
01742,1,BOS,Boston Celtics,1610612738,ok
01745,1,BOS,Boston Celtics,1610612738,ok
01746,1,BOS,Boston Celtics,1610612738,ok
01747,1,BOS,Boston Celtics,1610612738,ok
01748,1,BOS,Boston Celtics,1610612738,ok
01749,1,BOS,Boston Celtics,1610612738,ok
01752,1,BOS,Boston Celtics,1610612738,ok
01754,1,BOS,Boston Celtics,1610612738,ok
01756,1,BOS,Boston Celtics,1610612738,ok
01757,1,BOS,Boston Celtics,1610612738,ok
01760,1,BOS,Boston Celtics,1610612738,ok
01770,1,BOS,Boston Celtics,1610612738,ok
01772,1,BOS,Boston Celtics,1610612738,ok
01773,1,BOS,Boston Celtics,1610612738,ok
01775,1,BOS,Boston Celtics,1610612738,ok
01776,1,BOS,Boston Celtics,1610612738,ok
01778,1,BOS,Boston Celtics,1610612738,ok
01801,1,BOS,Boston Celtics,1610612738,ok
01803,1,BOS,Boston Celtics,1610612738,ok
01810,1,BOS,Boston Celtics,1610612738,ok
01821,1,BOS,Boston Celtics,1610612738,ok
01824,1,BOS,Boston Celtics,1610612738,ok
01826,1,BOS,Boston Celtics,1610612738,ok
01827,1,BOS,Boston Celtics,1610612738,ok
01830,1,BOS,Boston Celtics,1610612738,ok
01832,1,BOS,Boston Celtics,1610612738,ok
01833,1,BOS,Boston Celtics,1610612738,ok
01834,1,BOS,Boston Celtics,1610612738,ok
01835,1,BOS,Boston Celtics,1610612738,ok
01840,1,BOS,Boston Celtics,1610612738,ok
01841,1,BOS,Boston Celtics,1610612738,ok
01843,1,BOS,Boston Celtics,1610612738,ok
01844,1,BOS,Boston Celtics,1610612738,ok
01845,1,BOS,Boston Celtics,1610612738,ok
01850,1,BOS,Boston Celtics,1610612738,ok
01851,1,BOS,Boston Celtics,1610612738,ok
01852,1,BOS,Boston Celtics,1610612738,ok
01854,1,BOS,Boston Celtics,1610612738,ok
01860,1,BOS,Boston Celtics,1610612738,ok
01862,1,BOS,Boston Celtics,1610612738,ok
01863,1,BOS,Boston Celtics,1610612738,ok
01864,1,BOS,Boston Celtics,1610612738,ok
01867,1,BOS,Boston Celtics,1610612738,ok
01876,1,BOS,Boston Celtics,1610612738,ok
01879,1,BOS,Boston Celtics,1610612738,ok
01880,1,BOS,Boston Celtics,1610612738,ok
01886,1,BOS,Boston Celtics,1610612738,ok
01887,1,BOS,Boston Celtics,1610612738,ok
01890,1,BOS,Boston Celtics,1610612738,ok
01901,1,BOS,Boston Celtics,1610612738,ok
01902,1,BOS,Boston Celtics,1610612738,ok
01904,1,BOS,Boston Celtics,1610612738,ok
01905,1,BOS,Boston Celtics,1610612738,ok
01906,1,BOS,Boston Celtics,1610612738,ok
01907,1,BOS,Boston Celtics,1610612738,ok
01908,1,BOS,Boston Celtics,1610612738,ok
01913,1,BOS,Boston Celtics,1610612738,ok
01915,1,BOS,Boston Celtics,1610612738,ok
01921,1,BOS,Boston Celtics,1610612738,ok
01922,1,BOS,Boston Celtics,1610612738,ok
01923,1,BOS,Boston Celtics,1610612738,ok
01929,1,BOS,Boston Celtics,1610612738,ok
01930,1,BOS,Boston Celtics,1610612738,ok
01937,0,,,,ok
01938,1,BOS,Boston Celtics,1610612738,ok
01940,1,BOS,Boston Celtics,1610612738,ok
01944,1,BOS,Boston Celtics,1610612738,ok
01945,1,BOS,Boston Celtics,1610612738,ok
01949,1,BOS,Boston Celtics,1610612738,ok
01950,1,BOS,Boston Celtics,1610612738,ok
01951,1,BOS,Boston Celtics,1610612738,ok
01952,1,BOS,Boston Celtics,1610612738,ok
01960,1,BOS,Boston Celtics,1610612738,ok
01965,0,,,,ok
01966,1,BOS,Boston Celtics,1610612738,ok
01969,1,BOS,Boston Celtics,1610612738,ok
01970,1,BOS,Boston Celtics,1610612738,ok
01982,1,BOS,Boston Celtics,1610612738,ok
01983,1,BOS,Boston Celtics,1610612738,ok
01984,1,BOS,Boston Celtics,1610612738,ok
01985,1,BOS,Boston Celtics,1610612738,ok
02019,1,BOS,Boston Celtics,1610612738,ok
02021,1,BOS,Boston Celtics,1610612738,ok
02025,1,BOS,Boston Celtics,1610612738,ok
02026,1,BOS,Boston Celtics,1610612738,ok
02030,1,BOS,Boston Celtics,1610612738,ok
02032,1,BOS,Boston Celtics,1610612738,ok
02035,1,BOS,Boston Celtics,1610612738,ok
02038,1,BOS,Boston Celtics,1610612738,ok
02043,1,BOS,Boston Celtics,1610612738,ok
02045,1,BOS,Boston Celtics,1610612738,ok
02047,0,,,,ok
02048,1,BOS,Boston Celtics,1610612738,ok
02050,1,BOS,Boston Celtics,1610612738,ok
02052,1,BOS,Boston Celtics,1610612738,ok
02053,1,BOS,Boston Celtics,1610612738,ok
02054,1,BOS,Boston Celtics,1610612738,ok
02056,1,BOS,Boston Celtics,1610612738,ok
02061,1,BOS,Boston Celtics,1610612738,ok
02062,1,BOS,Boston Celtics,1610612738,ok
02066,1,BOS,Boston Celtics,1610612738,ok
02067,1,BOS,Boston Celtics,1610612738,ok
02071,1,BOS,Boston Celtics,1610612738,ok
02072,1,BOS,Boston Celtics,1610612738,ok
02081,1,BOS,Boston Celtics,1610612738,ok
02090,1,BOS,Boston Celtics,1610612738,ok
02093,1,BOS,Boston Celtics,1610612738,ok
02108,1,BOS,Boston Celtics,1610612738,ok
02109,1,BOS,Boston Celtics,1610612738,ok
02110,1,BOS,Boston Celtics,1610612738,ok
02111,1,BOS,Boston Celtics,1610612738,ok
02113,1,BOS,Boston Celtics,1610612738,ok
02114,1,BOS,Boston Celtics,1610612738,ok
02115,1,BOS,Boston Celtics,1610612738,ok
02116,1,BOS,Boston Celtics,1610612738,ok
02118,1,BOS,Boston Celtics,1610612738,ok
02119,1,BOS,Boston Celtics,1610612738,ok
02120,1,BOS,Boston Celtics,1610612738,ok
02121,1,BOS,Boston Celtics,1610612738,ok
02122,1,BOS,Boston Celtics,1610612738,ok
02124,1,BOS,Boston Celtics,1610612738,ok
02125,1,BOS,Boston Celtics,1610612738,ok
02126,1,BOS,Boston Celtics,1610612738,ok
02127,1,BOS,Boston Celtics,1610612738,ok
02128,1,BOS,Boston Celtics,1610612738,ok
02129,1,BOS,Boston Celtics,1610612738,ok
02130,1,BOS,Boston Celtics,1610612738,ok
02131,1,BOS,Boston Celtics,1610612738,ok
02132,1,BOS,Boston Celtics,1610612738,ok
02133,1,BOS,Boston Celtics,1610612738,ok
02134,1,BOS,Boston Celtics,1610612738,ok
02135,1,BOS,Boston Celtics,1610612738,ok
02136,1,BOS,Boston Celtics,1610612738,ok
02138,1,BOS,Boston Celtics,1610612738,ok
02139,1,BOS,Boston Celtics,1610612738,ok
02140,1,BOS,Boston Celtics,1610612738,ok
02141,1,BOS,Boston Celtics,1610612738,ok
02142,1,BOS,Boston Celtics,1610612738,ok
02143,1,BOS,Boston Celtics,1610612738,ok
02144,1,BOS,Boston Celtics,1610612738,ok
02145,1,BOS,Boston Celtics,1610612738,ok
02148,1,BOS,Boston Celtics,1610612738,ok
02149,1,BOS,Boston Celtics,1610612738,ok
02150,1,BOS,Boston Celtics,1610612738,ok
02151,1,BOS,Boston Celtics,1610612738,ok
02152,1,BOS,Boston Celtics,1610612738,ok
02155,1,BOS,Boston Celtics,1610612738,ok
02163,1,BOS,Boston Celtics,1610612738,ok
02169,1,BOS,Boston Celtics,1610612738,ok
02170,1,BOS,Boston Celtics,1610612738,ok
02171,1,BOS,Boston Celtics,1610612738,ok
02176,1,BOS,Boston Celtics,1610612738,ok
02180,1,BOS,Boston Celtics,1610612738,ok
02184,1,BOS,Boston Celtics,1610612738,ok
02186,1,BOS,Boston Celtics,1610612738,ok
02188,1,BOS,Boston Celtics,1610612738,ok
02189,1,BOS,Boston Celtics,1610612738,ok
02190,1,BOS,Boston Celtics,1610612738,ok
02191,1,BOS,Boston Celtics,1610612738,ok
02199,1,BOS,Boston Celtics,1610612738,ok
02203,1,BOS,Boston Celtics,1610612738,ok
02205,1,BOS,Boston Celtics,1610612738,ok
02210,1,BOS,Boston Celtics,1610612738,ok
02215,1,BOS,Boston Celtics,1610612738,ok
02301,1,BOS,Boston Celtics,1610612738,ok
02302,1,BOS,Boston Celtics,1610612738,ok
02322,1,BOS,Boston Celtics,1610612738,ok
02324,1,BOS,Boston Celtics,1610612738,ok
02325,1,BOS,Boston Celtics,1610612738,ok
02330,1,BOS,Boston Celtics,1610612738,ok
02332,1,BOS,Boston Celtics,1610612738,ok
02333,1,BOS,Boston Celtics,1610612738,ok
02338,1,BOS,Boston Celtics,1610612738,ok
02339,1,BOS,Boston Celtics,1610612738,ok
02341,1,BOS,Boston Celtics,1610612738,ok
02343,1,BOS,Boston Celtics,1610612738,ok
02346,1,BOS,Boston Celtics,1610612738,ok
02347,1,BOS,Boston Celtics,1610612738,ok
02350,0,,,,ok
02351,1,BOS,Boston Celtics,1610612738,ok
02356,1,BOS,Boston Celtics,1610612738,ok
02357,1,BOS,Boston Celtics,1610612738,ok
02359,1,BOS,Boston Celtics,1610612738,ok
02360,1,BOS,Boston Celtics,1610612738,ok
02364,1,BOS,Boston Celtics,1610612738,ok
02366,0,,,,http 404
02367,1,BOS,Boston Celtics,1610612738,ok
02368,1,BOS,Boston Celtics,1610612738,ok
02370,1,BOS,Boston Celtics,1610612738,ok
02375,1,BOS,Boston Celtics,1610612738,ok
02379,1,BOS,Boston Celtics,1610612738,ok
02382,1,BOS,Boston Celtics,1610612738,ok
02420,1,BOS,Boston Celtics,1610612738,ok
02421,1,BOS,Boston Celtics,1610612738,ok
02445,1,BOS,Boston Celtics,1610612738,ok
02446,1,BOS,Boston Celtics,1610612738,ok
02451,1,BOS,Boston Celtics,1610612738,ok
02452,1,BOS,Boston Celtics,1610612738,ok
02453,1,BOS,Boston Celtics,1610612738,ok
02457,0,,,,ok
02458,1,BOS,Boston Celtics,1610612738,ok
02459,1,BOS,Boston Celtics,1610612738,ok
02460,1,BOS,Boston Celtics,1610612738,ok
02461,1,BOS,Boston Celtics,1610612738,ok
02462,1,BOS,Boston Celtics,1610612738,ok
02464,1,BOS,Boston Celtics,1610612738,ok
02465,1,BOS,Boston Celtics,1610612738,ok
02466,1,BOS,Boston Celtics,1610612738,ok
02467,1,BOS,Boston Celtics,1610612738,ok
02468,1,BOS,Boston Celtics,1610612738,ok
02472,1,BOS,Boston Celtics,1610612738,ok
02474,1,BOS,Boston Celtics,1610612738,ok
02476,1,BOS,Boston Celtics,1610612738,ok
02478,1,BOS,Boston Celtics,1610612738,ok
02481,1,BOS,Boston Celtics,1610612738,ok
02482,1,BOS,Boston Celtics,1610612738,ok
02492,1,BOS,Boston Celtics,1610612738,ok
02493,1,BOS,Boston Celtics,1610612738,ok
02494,1,BOS,Boston Celtics,1610612738,ok
02532,1,BOS,Boston Celtics,1610612738,ok
02534,0,,,,ok
02535,1,BOS,Boston Celtics,1610612738,ok
02536,1,BOS,Boston Celtics,1610612738,ok
02537,1,BOS,Boston Celtics,1610612738,ok
02538,1,BOS,Boston Celtics,1610612738,ok
02539,1,BOS,Boston Celtics,1610612738,ok
02540,1,BOS,Boston Celtics,1610612738,ok
02542,1,BOS,Boston Celtics,1610612738,ok
02543,1,BOS,Boston Celtics,1610612738,ok
02553,0,,,,ok
02554,1,BOS,Boston Celtics,1610612738,ok
02556,1,BOS,Boston Celtics,1610612738,ok
02557,0,,,,ok
02558,0,,,,ok
02559,1,BOS,Boston Celtics,1610612738,ok
02561,0,,,,ok
02562,1,BOS,Boston Celtics,1610612738,ok
02563,1,BOS,Boston Celtics,1610612738,ok
02564,1,BOS,Boston Celtics,1610612738,ok
02568,1,BOS,Boston Celtics,1610612738,ok
02571,1,BOS,Boston Celtics,1610612738,ok
02575,1,BOS,Boston Celtics,1610612738,ok
02576,1,BOS,Boston Celtics,1610612738,ok
02584,1,BOS,Boston Celtics,1610612738,ok
02601,1,BOS,Boston Celtics,1610612738,ok
02630,1,BOS,Boston Celtics,1610612738,ok
02631,1,BOS,Boston Celtics,1610612738,ok
02632,1,BOS,Boston Celtics,1610612738,ok
02633,1,BOS,Boston Celtics,1610612738,ok
02635,1,BOS,Boston Celtics,1610612738,ok
02637,0,,,,ok
02638,1,BOS,Boston Celtics,1610612738,ok
02639,1,BOS,Boston Celtics,1610612738,ok
02641,0,,,,ok
02642,1,BOS,Boston Celtics,1610612738,ok
02643,0,,,,ok
02644,1,BOS,Boston Celtics,1610612738,ok
02645,1,BOS,Boston Celtics,1610612738,ok
02646,1,BOS,Boston Celtics,1610612738,ok
02647,0,,,,ok
02648,1,BOS,Boston Celtics,1610612738,ok
02649,1,BOS,Boston Celtics,1610612738,ok
02650,1,BOS,Boston Celtics,1610612738,ok
02652,1,BOS,Boston Celtics,1610612738,ok
02653,1,BOS,Boston Celtics,1610612738,ok
02655,1,BOS,Boston Celtics,1610612738,ok
02657,1,BOS,Boston Celtics,1610612738,ok
02659,1,BOS,Boston Celtics,1610612738,ok
02660,1,BOS,Boston Celtics,1610612738,ok
02663,0,,,,ok
02664,1,BOS,Boston Celtics,1610612738,ok
02666,1,BOS,Boston Celtics,1610612738,ok
02667,1,BOS,Boston Celtics,1610612738,ok
02668,1,BOS,Boston Celtics,1610612738,ok
02670,1,BOS,Boston Celtics,1610612738,ok
02671,1,BOS,Boston Celtics,1610612738,ok
02672,0,,,,ok
02673,1,BOS,Boston Celtics,1610612738,ok
02675,1,BOS,Boston Celtics,1610612738,ok
02702,1,BOS,Boston Celtics,1610612738,ok
02703,1,BOS,Boston Celtics,1610612738,ok
02713,1,BOS,Boston Celtics,1610612738,ok
02715,1,BOS,Boston Celtics,1610612738,ok
02717,1,BOS,Boston Celtics,1610612738,ok
02718,1,BOS,Boston Celtics,1610612738,ok
02719,1,BOS,Boston Celtics,1610612738,ok
02720,1,BOS,Boston Celtics,1610612738,ok
02721,1,BOS,Boston Celtics,1610612738,ok
02723,1,BOS,Boston Celtics,1610612738,ok
02724,1,BOS,Boston Celtics,1610612738,ok
02725,1,BOS,Boston Celtics,1610612738,ok
02726,1,BOS,Boston Celtics,1610612738,ok
02738,1,BOS,Boston Celtics,1610612738,ok
02739,1,BOS,Boston Celtics,1610612738,ok
02740,1,BOS,Boston Celtics,1610612738,ok
02743,1,BOS,Boston Celtics,1610612738,ok
02744,1,BOS,Boston Celtics,1610612738,ok
02745,1,BOS,Boston Celtics,1610612738,ok
02746,1,BOS,Boston Celtics,1610612738,ok
02747,1,BOS,Boston Celtics,1610612738,ok
02748,1,BOS,Boston Celtics,1610612738,ok
02760,1,BOS,Boston Celtics,1610612738,ok
02762,1,BOS,Boston Celtics,1610612738,ok
02763,1,BOS,Boston Celtics,1610612738,ok
02764,1,BOS,Boston Celtics,1610612738,ok
02766,1,BOS,Boston Celtics,1610612738,ok
02767,1,BOS,Boston Celtics,1610612738,ok
02769,1,BOS,Boston Celtics,1610612738,ok
02770,1,BOS,Boston Celtics,1610612738,ok
02771,1,BOS,Boston Celtics,1610612738,ok
02777,1,BOS,Boston Celtics,1610612738,ok
02779,1,BOS,Boston Celtics,1610612738,ok
02780,1,BOS,Boston Celtics,1610612738,ok
02790,1,BOS,Boston Celtics,1610612738,ok
02791,0,,,,ok
02802,0,,,,ok
02804,1,BOS,Boston Celtics,1610612738,ok
02806,1,BOS,Boston Celtics,1610612738,ok
02807,0,,,,ok
02808,1,BOS,Boston Celtics,1610612738,ok
02809,1,BOS,Boston Celtics,1610612738,ok
02812,1,BOS,Boston Celtics,1610612738,ok
02813,1,BOS,Boston Celtics,1610612738,ok
02814,1,BOS,Boston Celtics,1610612738,ok
02815,1,BOS,Boston Celtics,1610612738,ok
02816,1,BOS,Boston Celtics,1610612738,ok
02817,1,BOS,Boston Celtics,1610612738,ok
02818,1,BOS,Boston Celtics,1610612738,ok
02822,1,BOS,Boston Celtics,1610612738,ok
02823,0,,,,ok
02824,0,,,,ok
02825,1,BOS,Boston Celtics,1610612738,ok
02826,0,,,,ok
02827,1,BOS,Boston Celtics,1610612738,ok
02828,1,BOS,Boston Celtics,1610612738,ok
02829,0,,,,ok
02830,1,BOS,Boston Celtics,1610612738,ok
02831,1,BOS,Boston Celtics,1610612738,ok
02832,1,BOS,Boston Celtics,1610612738,ok
02833,1,BOS,Boston Celtics,1610612738,ok
02835,1,BOS,Boston Celtics,1610612738,ok
02836,1,BOS,Boston Celtics,1610612738,ok
02837,1,BOS,Boston Celtics,1610612738,ok
02838,1,BOS,Boston Celtics,1610612738,ok
02839,1,BOS,Boston Celtics,1610612738,ok
02840,1,BOS,Boston Celtics,1610612738,ok
02841,1,BOS,Boston Celtics,1610612738,ok
02842,1,BOS,Boston Celtics,1610612738,ok
02852,1,BOS,Boston Celtics,1610612738,ok
02857,1,BOS,Boston Celtics,1610612738,ok
02858,1,BOS,Boston Celtics,1610612738,ok
02859,1,BOS,Boston Celtics,1610612738,ok
02860,1,BOS,Boston Celtics,1610612738,ok
02861,1,BOS,Boston Celtics,1610612738,ok
02863,1,BOS,Boston Celtics,1610612738,ok
02864,1,BOS,Boston Celtics,1610612738,ok
02865,1,BOS,Boston Celtics,1610612738,ok
02871,1,BOS,Boston Celtics,1610612738,ok
02872,1,BOS,Boston Celtics,1610612738,ok
02873,0,,,,ok
02874,1,BOS,Boston Celtics,1610612738,ok
02875,0,,,,ok
02876,0,,,,ok
02878,1,BOS,Boston Celtics,1610612738,ok
02879,1,BOS,Boston Celtics,1610612738,ok
02881,1,BOS,Boston Celtics,1610612738,ok
02882,1,BOS,Boston Celtics,1610612738,ok
02885,1,BOS,Boston Celtics,1610612738,ok
02886,1,BOS,Boston Celtics,1610612738,ok
02888,1,BOS,Boston Celtics,1610612738,ok
02889,1,BOS,Boston Celtics,1610612738,ok
02891,1,BOS,Boston Celtics,1610612738,ok
02892,1,BOS,Boston Celtics,1610612738,ok
02893,1,BOS,Boston Celtics,1610612738,ok
02894,1,BOS,Boston Celtics,1610612738,ok
02895,1,BOS,Boston Celtics,1610612738,ok
02896,1,BOS,Boston Celtics,1610612738,ok
02898,1,BOS,Boston Celtics,1610612738,ok
02903,1,BOS,Boston Celtics,1610612738,ok
02904,1,BOS,Boston Celtics,1610612738,ok
02905,1,BOS,Boston Celtics,1610612738,ok
02906,1,BOS,Boston Celtics,1610612738,ok
02907,1,BOS,Boston Celtics,1610612738,ok
02908,1,BOS,Boston Celtics,1610612738,ok
02909,1,BOS,Boston Celtics,1610612738,ok
02910,1,BOS,Boston Celtics,1610612738,ok
02911,1,BOS,Boston Celtics,1610612738,ok
02912,1,BOS,Boston Celtics,1610612738,ok
02914,1,BOS,Boston Celtics,1610612738,ok
02915,1,BOS,Boston Celtics,1610612738,ok
02916,1,BOS,Boston Celtics,1610612738,ok
02917,1,BOS,Boston Celtics,1610612738,ok
02918,1,BOS,Boston Celtics,1610612738,ok
02919,1,BOS,Boston Celtics,1610612738,ok
02920,1,BOS,Boston Celtics,1610612738,ok
02921,1,BOS,Boston Celtics,1610612738,ok
03031,1,BOS,Boston Celtics,1610612738,ok
03032,1,BOS,Boston Celtics,1610612738,ok
03033,1,BOS,Boston Celtics,1610612738,ok
03034,1,BOS,Boston Celtics,1610612738,ok
03036,1,BOS,Boston Celtics,1610612738,ok
03037,1,BOS,Boston Celtics,1610612738,ok
03038,1,BOS,Boston Celtics,1610612738,ok
03042,1,BOS,Boston Celtics,1610612738,ok
03043,1,BOS,Boston Celtics,1610612738,ok
03044,1,BOS,Boston Celtics,1610612738,ok
03045,1,BOS,Boston Celtics,1610612738,ok
03046,1,BOS,Boston Celtics,1610612738,ok
03047,1,BOS,Boston Celtics,1610612738,ok
03048,1,BOS,Boston Celtics,1610612738,ok
03049,1,BOS,Boston Celtics,1610612738,ok
03051,1,BOS,Boston Celtics,1610612738,ok
03052,1,BOS,Boston Celtics,1610612738,ok
03053,1,BOS,Boston Celtics,1610612738,ok
03054,1,BOS,Boston Celtics,1610612738,ok
03055,1,BOS,Boston Celtics,1610612738,ok
03057,1,BOS,Boston Celtics,1610612738,ok
03060,1,BOS,Boston Celtics,1610612738,ok
03062,1,BOS,Boston Celtics,1610612738,ok
03063,1,BOS,Boston Celtics,1610612738,ok
03064,1,BOS,Boston Celtics,1610612738,ok
03070,1,BOS,Boston Celtics,1610612738,ok
03071,1,BOS,Boston Celtics,1610612738,ok
03076,1,BOS,Boston Celtics,1610612738,ok
03077,1,BOS,Boston Celtics,1610612738,ok
03079,1,BOS,Boston Celtics,1610612738,ok
03082,1,BOS,Boston Celtics,1610612738,ok
03084,1,BOS,Boston Celtics,1610612738,ok
03086,1,BOS,Boston Celtics,1610612738,ok
03087,1,BOS,Boston Celtics,1610612738,ok
03101,1,BOS,Boston Celtics,1610612738,ok
03102,1,BOS,Boston Celtics,1610612738,ok
03103,1,BOS,Boston Celtics,1610612738,ok
03104,1,BOS,Boston Celtics,1610612738,ok
03106,1,BOS,Boston Celtics,1610612738,ok
03109,1,BOS,Boston Celtics,1610612738,ok
03110,1,BOS,Boston Celtics,1610612738,ok
03215,1,BOS,Boston Celtics,1610612738,ok
03216,0,,,,ok
03217,1,BOS,Boston Celtics,1610612738,ok
03218,1,BOS,Boston Celtics,1610612738,ok
03220,0,,,,ok
03221,1,BOS,Boston Celtics,1610612738,ok
03222,1,BOS,Boston Celtics,1610612738,ok
03223,1,BOS,Boston Celtics,1610612738,ok
03224,1,BOS,Boston Celtics,1610612738,ok
03225,1,BOS,Boston Celtics,1610612738,ok
03226,1,BOS,Boston Celtics,1610612738,ok
03227,1,BOS,Boston Celtics,1610612738,ok
03229,1,BOS,Boston Celtics,1610612738,ok
03230,1,BOS,Boston Celtics,1610612738,ok
03231,1,BOS,Boston Celtics,1610612738,ok
03233,1,BOS,Boston Celtics,1610612738,ok
03234,1,BOS,Boston Celtics,1610612738,ok
03235,0,,,,ok
03237,1,BOS,Boston Celtics,1610612738,ok
03238,1,BOS,Boston Celtics,1610612738,ok
03240,1,BOS,Boston Celtics,1610612738,ok
03241,1,BOS,Boston Celtics,1610612738,ok
03242,1,BOS,Boston Celtics,1610612738,ok
03243,1,BOS,Boston Celtics,1610612738,ok
03244,1,BOS,Boston Celtics,1610612738,ok
03245,1,BOS,Boston Celtics,1610612738,ok
03246,0,,,,ok
03249,0,,,,ok
03251,1,BOS,Boston Celtics,1610612738,ok
03253,1,BOS,Boston Celtics,1610612738,ok
03254,1,BOS,Boston Celtics,1610612738,ok
03255,0,,,,ok
03256,1,BOS,Boston Celtics,1610612738,ok
03257,1,BOS,Boston Celtics,1610612738,ok
03258,1,BOS,Boston Celtics,1610612738,ok
03259,1,BOS,Boston Celtics,1610612738,ok
03260,1,BOS,Boston Celtics,1610612738,ok
03261,1,BOS,Boston Celtics,1610612738,ok
03262,1,BOS,Boston Celtics,1610612738,ok
03263,1,BOS,Boston Celtics,1610612738,ok
03264,1,BOS,Boston Celtics,1610612738,ok
03266,1,BOS,Boston Celtics,1610612738,ok
03268,1,BOS,Boston Celtics,1610612738,ok
03269,1,BOS,Boston Celtics,1610612738,ok
03273,0,,,,ok
03275,1,BOS,Boston Celtics,1610612738,ok
03276,1,BOS,Boston Celtics,1610612738,ok
03278,1,BOS,Boston Celtics,1610612738,ok
03279,1,BOS,Boston Celtics,1610612738,ok
03280,1,BOS,Boston Celtics,1610612738,ok
03281,1,BOS,Boston Celtics,1610612738,ok
03282,1,BOS,Boston Celtics,1610612738,ok
03284,1,BOS,Boston Celtics,1610612738,ok
03285,0,,,,ok
03287,1,BOS,Boston Celtics,1610612738,ok
03290,1,BOS,Boston Celtics,1610612738,ok
03291,1,BOS,Boston Celtics,1610612738,ok
03293,1,BOS,Boston Celtics,1610612738,ok
03301,1,BOS,Boston Celtics,1610612738,ok
03303,1,BOS,Boston Celtics,1610612738,ok
03304,1,BOS,Boston Celtics,1610612738,ok
03307,1,BOS,Boston Celtics,1610612738,ok
03431,1,BOS,Boston Celtics,1610612738,ok
03440,1,BOS,Boston Celtics,1610612738,ok
03441,1,BOS,Boston Celtics,1610612738,ok
03442,1,BOS,Boston Celtics,1610612738,ok
03443,0,,,,ok
03444,1,BOS,Boston Celtics,1610612738,ok
03445,1,BOS,Boston Celtics,1610612738,ok
03446,1,BOS,Boston Celtics,1610612738,ok
03447,1,BOS,Boston Celtics,1610612738,ok
03448,1,BOS,Boston Celtics,1610612738,ok
03449,1,BOS,Boston Celtics,1610612738,ok
03450,1,BOS,Boston Celtics,1610612738,ok
03451,1,BOS,Boston Celtics,1610612738,ok
03452,1,BOS,Boston Celtics,1610612738,ok
03455,1,BOS,Boston Celtics,1610612738,ok
03456,1,BOS,Boston Celtics,1610612738,ok
03457,1,BOS,Boston Celtics,1610612738,ok
03458,1,BOS,Boston Celtics,1610612738,ok
03461,1,BOS,Boston Celtics,1610612738,ok
03462,1,BOS,Boston Celtics,1610612738,ok
03464,1,BOS,Boston Celtics,1610612738,ok
03465,1,BOS,Boston Celtics,1610612738,ok
03466,1,BOS,Boston Celtics,1610612738,ok
03467,0,,,,ok
03470,1,BOS,Boston Celtics,1610612738,ok
03561,1,BOS,Boston Celtics,1610612738,ok
03570,1,BOS,Boston Celtics,1610612738,ok
03574,1,BOS,Boston Celtics,1610612738,ok
03575,1,BOS,Boston Celtics,1610612738,ok
03576,1,BOS,Boston Celtics,1610612738,ok
03579,1,BOS,Boston Celtics,1610612738,ok
03580,1,BOS,Boston Celtics,1610612738,ok
03581,1,BOS,Boston Celtics,1610612738,ok
03582,1,BOS,Boston Celtics,1610612738,ok
03583,1,BOS,Boston Celtics,1610612738,ok
03584,1,BOS,Boston Celtics,1610612738,ok
03585,1,BOS,Boston Celtics,1610612738,ok
03586,0,,,,ok
03588,1,BOS,Boston Celtics,1610612738,ok
03590,1,BOS,Boston Celtics,1610612738,ok
03592,1,BOS,Boston Celtics,1610612738,ok
03593,0,,,,ok
03595,1,BOS,Boston Celtics,1610612738,ok
03597,1,BOS,Boston Celtics,1610612738,ok
03598,1,BOS,Boston Celtics,1610612738,ok
03601,1,BOS,Boston Celtics,1610612738,ok
03602,0,,,,ok
03603,1,BOS,Boston Celtics,1610612738,ok
03604,1,BOS,Boston Celtics,1610612738,ok
03605,0,,,,ok
03607,1,BOS,Boston Celtics,1610612738,ok
03608,1,BOS,Boston Celtics,1610612738,ok
03609,1,BOS,Boston Celtics,1610612738,ok
03740,1,BOS,Boston Celtics,1610612738,ok
03741,1,BOS,Boston Celtics,1610612738,ok
03743,1,BOS,Boston Celtics,1610612738,ok
03745,1,BOS,Boston Celtics,1610612738,ok
03748,1,BOS,Boston Celtics,1610612738,ok
03750,1,BOS,Boston Celtics,1610612738,ok
03751,1,BOS,Boston Celtics,1610612738,ok
03752,0,,,,ok
03753,1,BOS,Boston Celtics,1610612738,ok
03755,1,BOS,Boston Celtics,1610612738,ok
03765,1,BOS,Boston Celtics,1610612738,ok
03766,1,BOS,Boston Celtics,1610612738,ok
03768,1,BOS,Boston Celtics,1610612738,ok
03770,1,BOS,Boston Celtics,1610612738,ok
03771,1,BOS,Boston Celtics,1610612738,ok
03773,1,BOS,Boston Celtics,1610612738,ok
03774,1,BOS,Boston Celtics,1610612738,ok
03777,1,BOS,Boston Celtics,1610612738,ok
03779,1,BOS,Boston Celtics,1610612738,ok
03780,1,BOS,Boston Celtics,1610612738,ok
03781,1,BOS,Boston Celtics,1610612738,ok
03782,1,BOS,Boston Celtics,1610612738,ok
03784,1,BOS,Boston Celtics,1610612738,ok
03785,1,BOS,Boston Celtics,1610612738,ok
03801,1,BOS,Boston Celtics,1610612738,ok
03809,1,BOS,Boston Celtics,1610612738,ok
03810,1,BOS,Boston Celtics,1610612738,ok
03811,1,BOS,Boston Celtics,1610612738,ok
03812,1,BOS,Boston Celtics,1610612738,ok
03813,1,BOS,Boston Celtics,1610612738,ok
03814,1,BOS,Boston Celtics,1610612738,ok
03816,1,BOS,Boston Celtics,1610612738,ok
03817,1,BOS,Boston Celtics,1610612738,ok
03818,1,BOS,Boston Celtics,1610612738,ok
03819,1,BOS,Boston Celtics,1610612738,ok
03820,1,BOS,Boston Celtics,1610612738,ok
03823,0,,,,ok
03824,1,BOS,Boston Celtics,1610612738,ok
03825,1,BOS,Boston Celtics,1610612738,ok
03826,1,BOS,Boston Celtics,1610612738,ok
03827,1,BOS,Boston Celtics,1610612738,ok
03830,1,BOS,Boston Celtics,1610612738,ok
03832,1,BOS,Boston Celtics,1610612738,ok
03833,1,BOS,Boston Celtics,1610612738,ok
03835,1,BOS,Boston Celtics,1610612738,ok
03836,1,BOS,Boston Celtics,1610612738,ok
03837,1,BOS,Boston Celtics,1610612738,ok
03838,1,BOS,Boston Celtics,1610612738,ok
03839,1,BOS,Boston Celtics,1610612738,ok
03840,1,BOS,Boston Celtics,1610612738,ok
03841,1,BOS,Boston Celtics,1610612738,ok
03842,1,BOS,Boston Celtics,1610612738,ok
03844,1,BOS,Boston Celtics,1610612738,ok
03845,1,BOS,Boston Celtics,1610612738,ok
03846,1,BOS,Boston Celtics,1610612738,ok
03847,1,BOS,Boston Celtics,1610612738,ok
03848,1,BOS,Boston Celtics,1610612738,ok
03849,1,BOS,Boston Celtics,1610612738,ok
03850,1,BOS,Boston Celtics,1610612738,ok
03851,1,BOS,Boston Celtics,1610612738,ok
03852,0,,,,ok
03853,1,BOS,Boston Celtics,1610612738,ok
03854,1,BOS,Boston Celtics,1610612738,ok
03855,1,BOS,Boston Celtics,1610612738,ok
03856,1,BOS,Boston Celtics,1610612738,ok
03857,1,BOS,Boston Celtics,1610612738,ok
03858,1,BOS,Boston Celtics,1610612738,ok
03860,1,BOS,Boston Celtics,1610612738,ok
03861,0,,,,ok
03862,1,BOS,Boston Celtics,1610612738,ok
03864,1,BOS,Boston Celtics,1610612738,ok
03865,1,BOS,Boston Celtics,1610612738,ok
03867,1,BOS,Boston Celtics,1610612738,ok
03868,1,BOS,Boston Celtics,1610612738,ok
03869,1,BOS,Boston Celtics,1610612738,ok
03870,1,BOS,Boston Celtics,1610612738,ok
03871,0,,,,ok
03872,1,BOS,Boston Celtics,1610612738,ok
03873,1,BOS,Boston Celtics,1610612738,ok
03874,1,BOS,Boston Celtics,1610612738,ok
03875,1,BOS,Boston Celtics,1610612738,ok
03878,1,BOS,Boston Celtics,1610612738,ok
03882,1,BOS,Boston Celtics,1610612738,ok
03883,1,BOS,Boston Celtics,1610612738,ok
03884,1,BOS,Boston Celtics,1610612738,ok
03885,1,BOS,Boston Celtics,1610612738,ok
03886,1,BOS,Boston Celtics,1610612738,ok
03887,1,BOS,Boston Celtics,1610612738,ok
03890,1,BOS,Boston Celtics,1610612738,ok
03894,1,BOS,Boston Celtics,1610612738,ok
03897,1,BOS,Boston Celtics,1610612738,ok
03901,1,BOS,Boston Celtics,1610612738,ok
03902,1,BOS,Boston Celtics,1610612738,ok
03903,1,BOS,Boston Celtics,1610612738,ok
03904,1,BOS,Boston Celtics,1610612738,ok
03905,1,BOS,Boston Celtics,1610612738,ok
03906,1,BOS,Boston Celtics,1610612738,ok
03907,1,BOS,Boston Celtics,1610612738,ok
03908,1,BOS,Boston Celtics,1610612738,ok
03909,1,BOS,Boston Celtics,1610612738,ok
03910,0,,,,ok
03911,0,,,,ok
04001,1,BOS,Boston Celtics,1610612738,ok
04002,0,,,,ok
04003,1,BOS,Boston Celtics,1610612738,ok
04005,1,BOS,Boston Celtics,1610612738,ok
04006,1,BOS,Boston Celtics,1610612738,ok
04008,1,BOS,Boston Celtics,1610612738,ok
04009,1,BOS,Boston Celtics,1610612738,ok
04010,1,BOS,Boston Celtics,1610612738,ok
04011,1,BOS,Boston Celtics,1610612738,ok
04015,1,BOS,Boston Celtics,1610612738,ok
04017,1,BOS,Boston Celtics,1610612738,ok
04019,1,BOS,Boston Celtics,1610612738,ok
04020,1,BOS,Boston Celtics,1610612738,ok
04021,1,BOS,Boston Celtics,1610612738,ok
04022,1,BOS,Boston Celtics,1610612738,ok
04024,1,BOS,Boston Celtics,1610612738,ok
04027,1,BOS,Boston Celtics,1610612738,ok
04029,1,BOS,Boston Celtics,1610612738,ok
04030,1,BOS,Boston Celtics,1610612738,ok
04032,1,BOS,Boston Celtics,1610612738,ok
04037,1,BOS,Boston Celtics,1610612738,ok
04038,1,BOS,Boston Celtics,1610612738,ok
04039,1,BOS,Boston Celtics,1610612738,ok
04040,1,BOS,Boston Celtics,1610612738,ok
04041,1,BOS,Boston Celtics,1610612738,ok
04042,1,BOS,Boston Celtics,1610612738,ok
04043,1,BOS,Boston Celtics,1610612738,ok
04046,0,,,,ok
04047,1,BOS,Boston Celtics,1610612738,ok
04048,1,BOS,Boston Celtics,1610612738,ok
04049,1,BOS,Boston Celtics,1610612738,ok
04050,1,BOS,Boston Celtics,1610612738,ok
04051,1,BOS,Boston Celtics,1610612738,ok
04055,1,BOS,Boston Celtics,1610612738,ok
04056,1,BOS,Boston Celtics,1610612738,ok
04057,1,BOS,Boston Celtics,1610612738,ok
04061,1,BOS,Boston Celtics,1610612738,ok
04062,1,BOS,Boston Celtics,1610612738,ok
04063,1,BOS,Boston Celtics,1610612738,ok
04064,1,BOS,Boston Celtics,1610612738,ok
04066,1,BOS,Boston Celtics,1610612738,ok
04068,1,BOS,Boston Celtics,1610612738,ok
04069,1,BOS,Boston Celtics,1610612738,ok
04071,1,BOS,Boston Celtics,1610612738,ok
04072,1,BOS,Boston Celtics,1610612738,ok
04073,1,BOS,Boston Celtics,1610612738,ok
04074,1,BOS,Boston Celtics,1610612738,ok
04076,1,BOS,Boston Celtics,1610612738,ok
04079,1,BOS,Boston Celtics,1610612738,ok
04083,0,,,,ok
04084,1,BOS,Boston Celtics,1610612738,ok
04085,1,BOS,Boston Celtics,1610612738,ok
04086,1,BOS,Boston Celtics,1610612738,ok
04087,1,BOS,Boston Celtics,1610612738,ok
04088,1,BOS,Boston Celtics,1610612738,ok
04090,1,BOS,Boston Celtics,1610612738,ok
04091,1,BOS,Boston Celtics,1610612738,ok
04092,1,BOS,Boston Celtics,1610612738,ok
04093,1,BOS,Boston Celtics,1610612738,ok
04095,1,BOS,Boston Celtics,1610612738,ok
04096,1,BOS,Boston Celtics,1610612738,ok
04097,1,BOS,Boston Celtics,1610612738,ok
04101,1,BOS,Boston Celtics,1610612738,ok
04102,1,BOS,Boston Celtics,1610612738,ok
04103,1,BOS,Boston Celtics,1610612738,ok
04105,1,BOS,Boston Celtics,1610612738,ok
04106,1,BOS,Boston Celtics,1610612738,ok
04107,1,BOS,Boston Celtics,1610612738,ok
04108,1,BOS,Boston Celtics,1610612738,ok
04109,1,BOS,Boston Celtics,1610612738,ok
04110,1,BOS,Boston Celtics,1610612738,ok
04210,1,BOS,Boston Celtics,1610612738,ok
04216,1,BOS,Boston Celtics,1610612738,ok
04217,1,BOS,Boston Celtics,1610612738,ok
04219,1,BOS,Boston Celtics,1610612738,ok
04220,1,BOS,Boston Celtics,1610612738,ok
04221,1,BOS,Boston Celtics,1610612738,ok
04222,1,BOS,Boston Celtics,1610612738,ok
04224,1,BOS,Boston Celtics,1610612738,ok
04226,1,BOS,Boston Celtics,1610612738,ok
04227,1,BOS,Boston Celtics,1610612738,ok
04231,1,BOS,Boston Celtics,1610612738,ok
04234,1,BOS,Boston Celtics,1610612738,ok
04236,1,BOS,Boston Celtics,1610612738,ok
04237,1,BOS,Boston Celtics,1610612738,ok
04238,1,BOS,Boston Celtics,1610612738,ok
04239,1,BOS,Boston Celtics,1610612738,ok
04240,1,BOS,Boston Celtics,1610612738,ok
04250,1,BOS,Boston Celtics,1610612738,ok
04252,1,BOS,Boston Celtics,1610612738,ok
04253,1,BOS,Boston Celtics,1610612738,ok
04254,1,BOS,Boston Celtics,1610612738,ok
04255,1,BOS,Boston Celtics,1610612738,ok
04256,1,BOS,Boston Celtics,1610612738,ok
04257,1,BOS,Boston Celtics,1610612738,ok
04258,1,BOS,Boston Celtics,1610612738,ok
04259,1,BOS,Boston Celtics,1610612738,ok
04260,1,BOS,Boston Celtics,1610612738,ok
04261,1,BOS,Boston Celtics,1610612738,ok
04263,1,BOS,Boston Celtics,1610612738,ok
04265,1,BOS,Boston Celtics,1610612738,ok
04267,1,BOS,Boston Celtics,1610612738,ok
04268,1,BOS,Boston Celtics,1610612738,ok
04270,1,BOS,Boston Celtics,1610612738,ok
04271,1,BOS,Boston Celtics,1610612738,ok
04274,1,BOS,Boston Celtics,1610612738,ok
04275,1,BOS,Boston Celtics,1610612738,ok
04276,1,BOS,Boston Celtics,1610612738,ok
04280,1,BOS,Boston Celtics,1610612738,ok
04281,1,BOS,Boston Celtics,1610612738,ok
04282,1,BOS,Boston Celtics,1610612738,ok
04284,1,BOS,Boston Celtics,1610612738,ok
04285,1,BOS,Boston Celtics,1610612738,ok
04286,1,BOS,Boston Celtics,1610612738,ok
04287,1,BOS,Boston Celtics,1610612738,ok
04289,1,BOS,Boston Celtics,1610612738,ok
04290,1,BOS,Boston Celtics,1610612738,ok
04292,1,BOS,Boston Celtics,1610612738,ok
04294,1,BOS,Boston Celtics,1610612738,ok
04330,1,BOS,Boston Celtics,1610612738,ok
04341,1,BOS,Boston Celtics,1610612738,ok
04342,1,BOS,Boston Celtics,1610612738,ok
04344,1,BOS,Boston Celtics,1610612738,ok
04345,1,BOS,Boston Celtics,1610612738,ok
04346,1,BOS,Boston Celtics,1610612738,ok
04347,1,BOS,Boston Celtics,1610612738,ok
04348,1,BOS,Boston Celtics,1610612738,ok
04349,1,BOS,Boston Celtics,1610612738,ok
04350,1,BOS,Boston Celtics,1610612738,ok
04351,1,BOS,Boston Celtics,1610612738,ok
04352,1,BOS,Boston Celtics,1610612738,ok
04353,1,BOS,Boston Celtics,1610612738,ok
04354,1,BOS,Boston Celtics,1610612738,ok
04355,1,BOS,Boston Celtics,1610612738,ok
04357,1,BOS,Boston Celtics,1610612738,ok
04358,1,BOS,Boston Celtics,1610612738,ok
04359,1,BOS,Boston Celtics,1610612738,ok
04360,1,BOS,Boston Celtics,1610612738,ok
04363,1,BOS,Boston Celtics,1610612738,ok
04364,1,BOS,Boston Celtics,1610612738,ok
04401,1,BOS,Boston Celtics,1610612738,ok
04406,1,BOS,Boston Celtics,1610612738,ok
04408,1,BOS,Boston Celtics,1610612738,ok
04410,1,BOS,Boston Celtics,1610612738,ok
04411,1,BOS,Boston Celtics,1610612738,ok
04412,1,BOS,Boston Celtics,1610612738,ok
04413,1,BOS,Boston Celtics,1610612738,ok
04414,1,BOS,Boston Celtics,1610612738,ok
04415,1,BOS,Boston Celtics,1610612738,ok
04416,1,BOS,Boston Celtics,1610612738,ok
04417,1,BOS,Boston Celtics,1610612738,ok
04418,1,BOS,Boston Celtics,1610612738,ok
04419,1,BOS,Boston Celtics,1610612738,ok
04421,1,BOS,Boston Celtics,1610612738,ok
04422,1,BOS,Boston Celtics,1610612738,ok
04424,1,BOS,Boston Celtics,1610612738,ok
04426,1,BOS,Boston Celtics,1610612738,ok
04427,1,BOS,Boston Celtics,1610612738,ok
04428,1,BOS,Boston Celtics,1610612738,ok
04429,1,BOS,Boston Celtics,1610612738,ok
04430,1,BOS,Boston Celtics,1610612738,ok
04431,1,BOS,Boston Celtics,1610612738,ok
04434,1,BOS,Boston Celtics,1610612738,ok
04435,1,BOS,Boston Celtics,1610612738,ok
04438,1,BOS,Boston Celtics,1610612738,ok
04441,1,BOS,Boston Celtics,1610612738,ok
04442,1,BOS,Boston Celtics,1610612738,ok
04443,1,BOS,Boston Celtics,1610612738,ok
04444,1,BOS,Boston Celtics,1610612738,ok
04448,1,BOS,Boston Celtics,1610612738,ok
04449,1,BOS,Boston Celtics,1610612738,ok
04450,1,BOS,Boston Celtics,1610612738,ok
04451,1,BOS,Boston Celtics,1610612738,ok
04453,1,BOS,Boston Celtics,1610612738,ok
04454,1,BOS,Boston Celtics,1610612738,ok
04455,1,BOS,Boston Celtics,1610612738,ok
04456,1,BOS,Boston Celtics,1610612738,ok
04457,1,BOS,Boston Celtics,1610612738,ok
04459,1,BOS,Boston Celtics,1610612738,ok
04460,1,BOS,Boston Celtics,1610612738,ok
04461,1,BOS,Boston Celtics,1610612738,ok
04462,1,BOS,Boston Celtics,1610612738,ok
04463,1,BOS,Boston Celtics,1610612738,ok
04464,1,BOS,Boston Celtics,1610612738,ok
04468,1,BOS,Boston Celtics,1610612738,ok
04469,1,BOS,Boston Celtics,1610612738,ok
04471,1,BOS,Boston Celtics,1610612738,ok
04472,1,BOS,Boston Celtics,1610612738,ok
04473,1,BOS,Boston Celtics,1610612738,ok
04474,1,BOS,Boston Celtics,1610612738,ok
04475,1,BOS,Boston Celtics,1610612738,ok
04476,1,BOS,Boston Celtics,1610612738,ok
04478,1,BOS,Boston Celtics,1610612738,ok
04479,1,BOS,Boston Celtics,1610612738,ok
04481,1,BOS,Boston Celtics,1610612738,ok
04485,1,BOS,Boston Celtics,1610612738,ok
04487,1,BOS,Boston Celtics,1610612738,ok
04488,1,BOS,Boston Celtics,1610612738,ok
04489,1,BOS,Boston Celtics,1610612738,ok
04490,1,BOS,Boston Celtics,1610612738,ok
04491,1,BOS,Boston Celtics,1610612738,ok
04492,1,BOS,Boston Celtics,1610612738,ok
04493,1,BOS,Boston Celtics,1610612738,ok
04495,1,BOS,Boston Celtics,1610612738,ok
04496,1,BOS,Boston Celtics,1610612738,ok
04497,1,BOS,Boston Celtics,1610612738,ok
04530,1,BOS,Boston Celtics,1610612738,ok
04535,1,BOS,Boston Celtics,1610612738,ok
04537,1,BOS,Boston Celtics,1610612738,ok
04538,1,BOS,Boston Celtics,1610612738,ok
04539,1,BOS,Boston Celtics,1610612738,ok
04541,1,BOS,Boston Celtics,1610612738,ok
04543,1,BOS,Boston Celtics,1610612738,ok
04544,1,BOS,Boston Celtics,1610612738,ok
04547,1,BOS,Boston Celtics,1610612738,ok
04548,1,BOS,Boston Celtics,1610612738,ok
04551,1,BOS,Boston Celtics,1610612738,ok
04553,1,BOS,Boston Celtics,1610612738,ok
04554,1,BOS,Boston Celtics,1610612738,ok
04555,1,BOS,Boston Celtics,1610612738,ok
04556,1,BOS,Boston Celtics,1610612738,ok
04558,1,BOS,Boston Celtics,1610612738,ok
04562,1,BOS,Boston Celtics,1610612738,ok
04563,1,BOS,Boston Celtics,1610612738,ok
04564,1,BOS,Boston Celtics,1610612738,ok
04568,1,BOS,Boston Celtics,1610612738,ok
04570,1,BOS,Boston Celtics,1610612738,ok
04571,1,BOS,Boston Celtics,1610612738,ok
04572,1,BOS,Boston Celtics,1610612738,ok
04573,1,BOS,Boston Celtics,1610612738,ok
04574,1,BOS,Boston Celtics,1610612738,ok
04575,1,BOS,Boston Celtics,1610612738,ok
04576,1,BOS,Boston Celtics,1610612738,ok
04578,1,BOS,Boston Celtics,1610612738,ok
04579,1,BOS,Boston Celtics,1610612738,ok
04605,1,BOS,Boston Celtics,1610612738,ok
04606,1,BOS,Boston Celtics,1610612738,ok
04607,1,BOS,Boston Celtics,1610612738,ok
04609,1,BOS,Boston Celtics,1610612738,ok
04611,1,BOS,Boston Celtics,1610612738,ok
04612,1,BOS,Boston Celtics,1610612738,ok
04613,1,BOS,Boston Celtics,1610612738,ok
04614,1,BOS,Boston Celtics,1610612738,ok
04616,1,BOS,Boston Celtics,1610612738,ok
04617,1,BOS,Boston Celtics,1610612738,ok
04619,1,BOS,Boston Celtics,1610612738,ok
04622,1,BOS,Boston Celtics,1610612738,ok
04623,1,BOS,Boston Celtics,1610612738,ok
04624,1,BOS,Boston Celtics,1610612738,ok
04625,1,BOS,Boston Celtics,1610612738,ok
04626,1,BOS,Boston Celtics,1610612738,ok
04627,1,BOS,Boston Celtics,1610612738,ok
04628,1,BOS,Boston Celtics,1610612738,ok
04630,1,BOS,Boston Celtics,1610612738,ok
04631,1,BOS,Boston Celtics,1610612738,ok
04634,1,BOS,Boston Celtics,1610612738,ok
04635,1,BOS,Boston Celtics,1610612738,ok
04640,1,BOS,Boston Celtics,1610612738,ok
04642,1,BOS,Boston Celtics,1610612738,ok
04643,1,BOS,Boston Celtics,1610612738,ok
04645,1,BOS,Boston Celtics,1610612738,ok
04646,1,BOS,Boston Celtics,1610612738,ok
04648,1,BOS,Boston Celtics,1610612738,ok
04649,1,BOS,Boston Celtics,1610612738,ok
04650,1,BOS,Boston Celtics,1610612738,ok
04652,1,BOS,Boston Celtics,1610612738,ok
04653,1,BOS,Boston Celtics,1610612738,ok
04654,1,BOS,Boston Celtics,1610612738,ok
04655,1,BOS,Boston Celtics,1610612738,ok
04657,1,BOS,Boston Celtics,1610612738,ok
04658,1,BOS,Boston Celtics,1610612738,ok
04660,1,BOS,Boston Celtics,1610612738,ok
04662,1,BOS,Boston Celtics,1610612738,ok
04664,1,BOS,Boston Celtics,1610612738,ok
04666,1,BOS,Boston Celtics,1610612738,ok
04667,1,BOS,Boston Celtics,1610612738,ok
04668,1,BOS,Boston Celtics,1610612738,ok
04669,1,BOS,Boston Celtics,1610612738,ok
04671,1,BOS,Boston Celtics,1610612738,ok
04673,1,BOS,Boston Celtics,1610612738,ok
04674,1,BOS,Boston Celtics,1610612738,ok
04675,1,BOS,Boston Celtics,1610612738,ok
04676,1,BOS,Boston Celtics,1610612738,ok
04677,1,BOS,Boston Celtics,1610612738,ok
