abbr,team_id,city,name,arena,lat,lon,color,route_lat,route_lon
ATL,1610612737,Atlanta,Hawks,State Farm Arena,33.7573,-84.3963,#E03A3E,,
BOS,1610612738,Boston,Celtics,TD Garden,42.3662,-71.0621,#007A33,,
BKN,1610612751,Brooklyn,Nets,Barclays Center,40.6826,-73.9754,#444444,,
CHA,1610612766,Charlotte,Hornets,Spectrum Center,35.2251,-80.8392,#00788C,,
CHI,1610612741,Chicago,Bulls,United Center,41.8807,-87.6742,#CE1141,,
CLE,1610612739,Cleveland,Cavaliers,Rocket Arena,41.4965,-81.6882,#860038,,
DAL,1610612742,Dallas,Mavericks,American Airlines Center,32.7905,-96.8103,#00538C,,
DEN,1610612743,Denver,Nuggets,Ball Arena,39.7487,-105.0077,#FEC524,,
DET,1610612765,Detroit,Pistons,Little Caesars Arena,42.3411,-83.0553,#1D42BA,,
GSW,1610612744,Golden State,Warriors,Chase Center,37.7680,-122.3877,#FFC72C,,
HOU,1610612745,Houston,Rockets,Toyota Center,29.7508,-95.3621,#CE1141,,
IND,1610612754,Indiana,Pacers,Gainbridge Fieldhouse,39.7640,-86.1555,#FDBB30,,
LAC,1610612746,LA,Clippers,Intuit Dome,33.9447,-118.3418,#C8102E,,
LAL,1610612747,Los Angeles,Lakers,Crypto.com Arena,34.0430,-118.2673,#552583,,
MEM,1610612763,Memphis,Grizzlies,FedExForum,35.1382,-90.0506,#5D76A9,,
MIA,1610612748,Miami,Heat,Kaseya Center,25.7814,-80.1870,#98002E,,
MIL,1610612749,Milwaukee,Bucks,Fiserv Forum,43.0451,-87.9172,#00471B,,
MIN,1610612750,Minnesota,Timberwolves,Target Center,44.9795,-93.2761,#236192,,
NOP,1610612740,New Orleans,Pelicans,Smoothie King Center,29.9490,-90.0821,#85714D,,
NYK,1610612752,New York,Knicks,Madison Square Garden,40.7505,-73.9934,#F58426,,
OKC,1610612760,Oklahoma City,Thunder,Paycom Center,35.4634,-97.5151,#007AC1,,
ORL,1610612753,Orlando,Magic,Kia Center,28.5392,-81.3839,#0077C0,,
PHI,1610612755,Philadelphia,76ers,Xfinity Mobile Arena,39.9012,-75.1720,#006BB6,39.9050,-75.1714
PHX,1610612756,Phoenix,Suns,Mortgage Matchup Center,33.4457,-112.0712,#E56020,,
POR,1610612757,Portland,Trail Blazers,Moda Center,45.5316,-122.6668,#E03A3E,,
SAC,1610612758,Sacramento,Kings,Golden 1 Center,38.5802,-121.4997,#5A2D81,,
SAS,1610612759,San Antonio,Spurs,Frost Bank Center,29.4270,-98.4375,#8A8D8F,,
TOR,1610612761,Toronto,Raptors,Scotiabank Arena,43.6435,-79.3791,#CE1141,,
UTA,1610612762,Utah,Jazz,Delta Center,40.7683,-111.9011,#002B5C,,
WAS,1610612764,Washington,Wizards,Capital One Arena,38.8981,-77.0209,#002B5C,,
