abbr,city,lat,lon,city_radius_mi,ring_radius_mi
ATL,Atlanta,33.76545,-84.42959,9.3,84.3
BOS,Boston,42.34129,-70.96997,12.0,87.0
BKN,New York,40.67919,-74.00055,18.8,93.8
CHA,Charlotte,35.20747,-80.81562,13.6,88.6
CHI,Chicago,41.8264,-87.7301,16.4,91.4
CLE,Cleveland,41.49754,-81.71283,11.2,86.2
DAL,Dallas,32.81736,-96.73162,20.8,95.8
DEN,Denver,39.76163,-104.85354,16.5,91.5
DET,Detroit,42.39364,-83.10337,10.0,85.0
GSW,San Francisco,37.78596,-122.43454,9.9,84.9
HOU,Houston,29.83297,-95.49305,31.5,106.5
IND,Indianapolis city (balance),39.77966,-86.13196,14.5,89.5
LAC,Los Angeles,34.02059,-118.38471,22.9,97.9
LAL,Los Angeles,34.02059,-118.38471,22.9,97.9
MEM,Memphis,35.10758,-89.94194,15.3,90.3
MIA,Miami,25.78462,-80.22207,6.2,81.2
MIL,Milwaukee,43.05872,-87.97813,10.4,85.4
MIN,Minneapolis,44.97111,-93.26827,6.1,81.1
NOP,New Orleans,30.03685,-89.88181,17.4,92.4
NYK,New York,40.67919,-74.00055,18.8,93.8
OKC,Oklahoma City,35.4562,-97.47855,21.7,96.7
ORL,Orlando,28.47465,-81.29429,13.4,88.4
PHI,Philadelphia,39.99757,-75.11363,11.5,86.5
PHX,Phoenix,33.60371,-112.09116,22.7,97.7
POR,Portland,45.53166,-122.66668,9.8,84.8
SAC,Sacramento,38.56175,-121.48068,9.5,84.5
SAS,San Antonio,29.45818,-98.52454,19.7,94.7
TOR,Toronto (OpenStreetMap),43.7309,-79.3699,13.5,88.5
UTA,Salt Lake City,40.81225,-111.92102,9.9,84.9
WAS,Washington,38.89375,-77.03994,7.0,82.0
